Race,National,National Ratio,Minnesota_observed,Minnesota_observed_ratio,Minnesota_expected
Asian,15000,0.057692308,75,0.054545455,79.32692308
Black,50000,0.192307692,250,0.181818182,264.4230769
Hispanic,60000,0.230769231,300,0.218181818,317.3076923
White,35000,0.134615385,150,0.109090909,185.0961538
Other,100000,0.384615385,600,0.436363636,528.8461538
